Picture,Common Name,Scientific Name,Family,Last Seen,Comments,location
![](birdspics/brant_2401.jpg),Brant 黑雁 ![](pixelart/brant_s.png),*branta bernicla*,Waterfowl,"June '25, Malibu CA",can be identified by white neckline,US
![](birdspics/canadian_goose_2501.jpg),Canada Goose 加拿大雁 ![](pixelart/canadagoose_s.png),*branta canadensis*,Waterfowl,"Mar '26, West Lafayette IN",countless of them in blackwater NWR in January,US
![](birdspics/bar_headed_goose_1912.jpg),Bar-headed Goose 斑头雁 ![](pixelart/barheadedgoose_s.png),*anser indicus*,Waterfowl,"Dec '19, Lhasa Tibet",Seen with ruddy shelduck in the pond behind Potala palace,CN
![](birdspics/ruddy_shelduck_1912.jpg),Ruddy Shelduck 赤麻鸭 ![](pixelart/ruddyshelduck_s.png),*tadorna ferruginea*,Waterfowl,"Dec '19, Lhasa Tibet",NA,CN
![](birdspics/black_swan_juv_2302.jpg),Black Swan 黑天鹅 ![](pixelart/blackswan_s.png),*cygnus atratus*,Waterfowl,"Feb '23, Suzhou Jiangsu",juvenile + escaped species,CN
![](birdspics/whistling_swan_2501.jpg),Tundra Swan 小天鹅 ![](pixelart/tundraswan_s.png),*cygnus columbianus*,Waterfowl,"Jan '25, Cambridge MD",small part of yellow on bills,US
![](birdspics/mute_swan_2605.jpg),Mute Swan 疣鼻天鹅 ![](pixelart/muteswan_s.png),*cygnus olor*,Waterfowl,"May '26, Porter IN",NA,"EU, US"
![](birdspics/blue_winged_teal_2603.jpg),Blue-Winged Teal 蓝翅鸭,*spatula discors*,Waterfowl,"Mar '26, West Lafayette IN",NA,US
![](birdspics/mallard_2501.jpeg),Mallard 绿头鸭 ![](pixelart/mallard_s.png),*anas platyrhynchos*,Waterfowl,"Mar '26, West Lafayette IN",sometimes mixed with domestic ducks,"US, CN"
![](birdspics/american_black_duck_2605.jpg),American Black Duck 北美黑鸭,*anas rubripes*,Waterfowl,"May '26, Newark NJ",NA,US
![](birdspics/northern_pintail_2603.jpg),Northern Pintail 针尾鸭 ![](pixelart/northernpintail_s.png),*anas acuta*,Waterfowl,"Mar '26, West Lafayette IN",NA,US
![](birdspics/common_teal_2512.jpg),Green-Winged Teal 绿翅鸭 ![](pixelart/greenwingedteal_s.png),*anas crecca*,Waterfowl,"Dec '25, Suzhou Jiangsu","small duck, standing alone in the paddy fields",CN
![](birdspics/eastern_spot_billed_duck_2601.jpg),Eastern Spot-billed Duck 斑嘴鸭 ![](pixelart/easternspottedbillduck_s.png),*anas zonorhyncha*,Waterfowl,"Jan '26, Suzhou Jiangsu",most common duck in Suzhou,CN
![](birdspics/gadwall_2506.jpg),Gadwall 赤膀鸭 ![](pixelart/gadwall_s.png),*mareca strepera*,Waterfowl,"June '25, Malibu CA",NA,US
![](birdspics/tufted_duck_2512.jpg),Tufted Duck 凤头潜鸭 ![](pixelart/tuftedduck_s.png),*aythya fuligula*,Waterfowl,"Dec '25, Suzhou Jiangsu",NA,CN
![](birdspics/bufflehead_2603.jpg),Bufflehead 白枕鹊鸭 ![](pixelart/bufflehead_s.png),*bucephala albeola*,Waterfowl,"Mar '26, West Lafayette IN",diving like dolphins,US
![](birdspics/mandarin_duck_juv_2306.jpg),Mandarin Duck 鸳鸯 ![](pixelart/mandarinduck_s.png),*aix galericulata*,Waterfowl,"July '25, Beijing","juvenile, identified by dotted webbings",CN
![](birdspics/red_breasted_merganser_2506.jpg),Red-breasted Merganser 红胸秋沙鸭 ![](pixelart/redbreastedmerganser_s.png),*mergus serrator*,Waterfowl,"June '25, Malibu CA",NA,US
![](birdspics/hooded_merganser_2501.jpg),Hooded Merganser 棕胁秋沙鸭 ![](pixelart/hoodedmerganser_s.png),*lophydytes cucullatus*,Waterfowl,"Jan '25, Cambridge MD",go around in couples,US
![](birdspics/ruddy_duck_2603.jpg),Ruddy Duck 棕硬尾鸭 ![](pixelart/ruddyduck_s.png),*oxyura jamaicensis*,Waterfowl,"Mar '26, West Lafayette IN",can be easily identified by tail shape,US
![](birdspics/great_cormorant_1907.jpg),Great Cormorant 普通鸬鹚 ![](pixelart/greatcormorant_s.png),*phalacrocorax carbo*,Cormorants and Anhingas,"Dec '25, Suzhou Jiangsu",NA,"JP, CN"
![](birdspics/double_crested_cormorant_2310.jpg),Double-crested Cormorant 角鸬鹚 ![](pixelart/doublecrestedcormorant_s.png),*nannopterum auritum*,Cormorants and Anhingas,"May '26, Newark NJ",flying across inner harbor,US
![](birdspics/little_grebe_2507.jpg),Little Grebe 小䴙䴘 ![](pixelart/littlegrebe_s.png),*tachybaptus ruficollis*,Grebes,"Dec '25, Suzhou Jiangsu",called 'little PT' in Chinese birding community - too hard to write,CN
![](birdspics/pie_billed_grebe_2603.jpg),Pie-billed Grebe 斑嘴巨䴙䴘,*podilymbus podiceps*,Grebes,"Mar '26, West Lafayette IN",calm cutie,US
![](birdspics/horned_grebe_2603.jpg),Horned Grebe 角䴙䴘,*podiceps auritus*,Grebes,"Mar '26, West Lafayette IN","red eye. grebe, why are you so *cool*?",US
![](birdspics/great_crested_grebe_2508.jpg),Great Crested Grebe 凤头䴙䴘 ![](pixelart/greatcrestedgrebe_s.png),*podiceps cristatus*,Grebes,"Dec '25, Suzhou Jiangsu",NA,CN
na,Tufted Puffin 花魁鸟 ![](pixelart/tuftedpuffin_s.png),*fratercula cirrhata*,Alcids,"July '24, Cannon Beach OR",NA,US
![](birdspics/common_murre_2407.jpg),Common Murre 崖海鸦 ![](pixelart/commonmurre_s.png),*uria aalge*,Alcids,"July '24, Cannon Beach OR",NA,US
![](birdspics/american_white_pelican_2603.jpg),American White Pelican 美洲白鹈鹕 ![](pixelart/americanwhitepelican_s.png),*pelecanus erythrorhynchos*,Pelicans,"Mar '26, West Lafayette IN",FINALLY. Elegant and huge white birds. ,US
![](birdspics/brown_pelican_2506.jpg),Brown Pelican 褐鹈鹕 ![](pixelart/brownpelican_s.png),*pelecanus occidentalis*,Pelicans,"June '25, Malibu CA",NA,US
![](birdspics/laughing_gull_2605.jpg),Laughing Gull 笑鸥  ![](pixelart/laughinggull_s.png),*leucophaeus atricilla*,"Gulls, Terns, Skimmers","May '26, Newark NJ",NA,US
![](birdspics/bonapartes_gull_2603.jpg),Bonaparte's Gull 博氏鸥,*chroicocephalus philadelphia*,"Gulls, Terns, Skimmers","Mar '26, West Lafayette IN",winter coat,US
![](birdspics/black_headed_gull_2512.jpg),Black-headed Gull 红嘴鸥 ![](pixelart/blackheadedgull_s.png),*chroicocephalus ridibundus*,"Gulls, Terns, Skimmers","Dec '25, Suzhou Jiangsu","winter coat. Many flew to Taihu Lake (Wuxi, Suzhou) recently",CN
![](birdspics/vega_gull_2512.jpg),Vega Gull 蒙古银鸥 ![](pixelart/vegagull_s.png),*larus mongolicus*,"Gulls, Terns, Skimmers","Dec '25, Suzhou Jiangsu",winter coat,CN
![](birdspics/yellow_legged_gull_1607.jpg),Yellow-legged Gull 黄腿银鸥  ![](pixelart/yellowleggedgull_s.png),*larus michahellis*,"Gulls, Terns, Skimmers","July '16, Venice Italy",NA,EU
![](birdspics/american_herring_gull_2401.jpg),American Herring Gull 美洲银鸥  ![](pixelart/americanherringgull_s.png),*larus smithsonianus*,"Gulls, Terns, Skimmers","Jan '24, New York NY",winter coat,US
![](birdspics/black_tailed_gull_2507.jpg),Black-tailed Gull 黑尾鸥 ![](pixelart/blacktailedgull_s.png),*larus crassirostris*,"Gulls, Terns, Skimmers","July '25, Yantai Shandong",the only gull that stays in Jiaodong Penninsula in summer,CN
![](birdspics/ring_billed_gull_2503.jpg),Ring-billed Gull 环嘴鸥 ![](pixelart/ringbilledgull_s.png),*larus delawarensis*,"Gulls, Terns, Skimmers","May '26, Newark NJ",NA,US
![](birdspics/california_gull_2407.jpg),California Gull 加州鸥  ![](pixelart/californiagull_s.png),*larus californicus*,"Gulls, Terns, Skimmers","July '24, Cannon Beach OR",NA,US
![](birdspics/western_gull_2506.jpg),Western Gull 西美鸥 ![](pixelart/westerngull_s.png),*larus occidentals*,"Gulls, Terns, Skimmers","June '25, Santa Monica CA",dark grey back,US
![](birdspics/glaucous_winged_gull_2407.jpg),Glaucous-winged Gull 灰翅鸥  ![](pixelart/glaucouswingedgull_s.png),*larus glaucescens*,"Gulls, Terns, Skimmers","July '24, Seattle WA",juveniles were seen eating a starfish - sadly they failed.,US
![](birdspics/least_tern_2504.jpg),Least Tern 普通燕鸥  ![](pixelart/leasttern_s.png),*sternula antillarum*,"Gulls, Terns, Skimmers","Apr '25, Cambridge MD",fall straight from the sky to catch fishes,US
![](birdspics/caspian_tern_2605.jpg),Caspian Tern 红嘴巨燕鸥  ![](pixelart/caspiantern_s.png),*hydroprogne caspia*,"Gulls, Terns, Skimmers","June '26, Chicago IL",NA,US
![](birdspics/whiskered_tern_2507.jpg),Whiskered Tern 须浮鸥  ![](pixelart/whiskeredtern_s.png),*chlidonias hybrida*,"Gulls, Terns, Skimmers","July '25, Linyi Shandong",does not have forked tail,CN
![](birdspics/black_winged_stilt_2512.jpg),Black-winged Stilt 黑翅长脚鹬,*himantopus himantopus*,Shorebirds,"Dec '25, Suzhou Jiangsu",look like red-legged mosquitoes…,CN
![](birdspics/killdeer_2510.jpg),Killdeer 双领鸻 ![](pixelart/killdeer_s.png),*charadrius vociferus*,Shorebirds,"June '26, Chicago IL",didn't know they can also live in land,US
![](birdspics/semipalmatedplover_2504.jpg),Semipalmated Plover 半蹼鸻 ![](pixelart/semipalmatedplover_s.png),*charadrius semipalmatus*,Shorebirds,"Apr '25, Cambridge MD",NA,US
![](birdspics/lapwing_2512.jpg),Lapwing 凤头麦鸡,*vanellus vanellus*,Shorebirds,"Dec '25, Suzhou Jiangsu",only see them flying. They have beautiful iridescent feathers,CN
![](birdspics/pheasant_tailed_jacana_2507.jpg),Pheasant-tailed Jacana 水雉 ![](pixelart/pheasanttailedjacana_s.png),*hydrophasianus chirurgus*,Shorebirds,"July '25, Suzhou Jiangsu",dubbed 'fairy on the waves',CN
![](birdspics/common_snipe_2512.jpg),Common Snipe 扇尾沙锥,*gallinago gallinago*,Shorebirds,"Dec '25, Suzhou Jiangsu","like to stand closely to the ridges to hide, very shy",CN
![](birdspics/wilson_s_snipe_2501.jpg),Wilson's Snipe 美洲沙锥 ![](pixelart/wilsonssnipe_s.png),*gallinago delicata*,Shorebirds,"Jan '25, Cambridge MD",run very fast when exposed,US
![](birdspics/spotted_sandpiper_2606.jpg),Spotted Sandpiper 斑腹矶鹬,*actitis macularius*,Shorebirds,"June '26, Chicago IL","very small shorebird, has a pointy beak",US
![](birdspics/marsh_sandpiper_2512.jpg),Marsh Sandpiper 泽鹬,*tringa stagnatilis*,Shorebirds,"Dec '25, Suzhou Jiangsu",NA,CN
![](birdspics/spotted_redshank_2512.jpg),Spotted Redshank 鹤鹬,*tringa erythropus*,Shorebirds,"Dec '25, Suzhou Jiangsu",NA,CN
![](birdspics/greater_yellowlegs_2510.jpg),Greater Yellowlegs 大黄脚鹬 ![](pixelart/greateryellowlegs_s.png),*tringa melanoleuca*,Shorebirds,"Oct '25, West Lafayette IN",almost the size of a mallard,US
![](birdspics/lesser_yellowlegs_2504.jpg),Lesser Yellowlegs 小黄脚鹬 ![](pixelart/lesseryellowlegs_s.png),*tringa flavipes*,Shorebirds,"Apr '25, Cambridge MD",long bill and long legs,US
![](birdspics/dunlin_2504.jpg),Dunlin 黑腹滨鹬 ![](pixelart/dunlin_s.png),*calidris alpina*,Shorebirds,"Apr '25, Cambridge MD",medium sized shorebird with a distinguishable black belly when breeding,US
![](birdspics/least_sandpiper_2504.jpg),Least Sandpiper 美洲小滨鹬 ![](pixelart/leastsandpiper_s.png),*calidris minutilla*,Shorebirds,"Apr '25, Cambridge MD","very small, appear in flocks",US
![](birdspics/sandhill_crane_2511.jpg),Sandhill Crane 沙丘鹤 ![](pixelart/sandhillcrane_s.png),*antigone canadensis*,Cranes,"Nov '25, Pulaski IN",loud!!!!,US
![](birdspics/black_crowned_night_heron_2507.jpg),Black-Crowned Night Heron 夜鹭 ![](pixelart/blackcrownednightheron_s.png),*nycticorax nycticorax*,"Herons, Ibis, and allies","Dec '25, Suzhou Jiangsu",countless near Suzhou River,"US, CN"
![](birdspics/green_heron_2505.jpeg),Green Heron 美洲绿鹭 ![](pixelart/greenheron_s.png),*butorides virescens*,"Herons, Ibis, and allies","May '25, Baltimore MD",hiding in reeds,US
![](birdspics/gray_heron_1907.jpg),Gray Heron 苍鹭 ![](pixelart/grayheron_s.png),*ardea cinerea*,"Herons, Ibis, and allies","Dec '25, Suzhou Jiangsu",NA,"CN, JP"
![](birdspics/great_blue_heron_2403.jpg),Great Blue Heron 大蓝鹭 ![](pixelart/greatblueheron_s.png),*ardea herodias*,"Herons, Ibis, and allies","Mar '26, West Lafayette IN",kinda everywhere,US
![](birdspics/snowy_egret_2506.jpg),Snowy Egret 雪鹭 ![](pixelart/snowyegret_s.png),*egretta thula*,"Herons, Ibis, and allies","June '25, Malibu CA",catching fish in the waves,US
![](birdspics/little_egret_2512.jpg),Little Egret 白鹭 ![](pixelart/littleegret_s.png),*egretta garzetta*,"Herons, Ibis, and allies","Dec '25, Suzhou Jiangsu",NA,CN
![](birdspics/great_egret_2203.jpg),Great Egret 大白鹭 ![](pixelart/greategret_s.png),*ardea alba*,"Herons, Ibis, and allies","Mar '26, West Lafayette IN",NA,"US, CN"
na,Eastern Cattle Egret 牛背鹭 ![](pixelart/easterncattleegret_s.png),*ardea coromanda*,"Herons, Ibis, and allies","June '25, Suzhou Jiangsu",NA,CN
![](birdspics/eurasian_moorhen_2507.jpg),Eurasian Moorhen 黑水鸡 ![](pixelart/eurasianmoorhen_s.png),*gallinula chloropus*,"Rails, Gallinules, and allies","Dec '25, Suzhou Jiangsu",symbol of DKU community!,CN
![](birdspics/eurasian_coot_2507.jpg),Eurasian Coot 骨顶鸡 ![](pixelart/eurasiancoot_s.png),*fulica atra*,"Rails, Gallinules, and allies","Dec '25, Suzhou Jiangsu",NA,CN
na,American Coot 美洲骨顶 ![](pixelart/americancoot_s.png),*fulica americana*,"Rails, Gallinules, and allies","Apr '25, West Lafayette IN",NA,US
![](birdspics/white_breasted_waterhen_2601.jpg),White-breasted Waterhen 白胸苦恶鸟 ![](pixelart/whitebreastedwaterhen_s.png),*amaurornis phoenicurus*,"Rails, Gallinules, and allies","Jan '26, Suzhou Jiangsu","suprisingly small, cutie pie with long, long toes",CN
![](birdspics/turkey_2505.jpg),Turkey 火鸡 ![](pixelart/wildturkey_s.png),*meleagris gallopavo*,"Grouse, Quail, and Allies","May '25, New York NY",Named 'Roosey',CN
![](birdspics/rock_pigeon_2309.jpg),Rock Pigeon 岩鸽 ![](pixelart/rockpigeon_s.png),*columbia livia*,Pigeons and Doves,"Oct '24, Baltimore MD",NYC pigeons are horribly fat,US
![](birdspics/spotted_dove_2011.jpeg),Spotted Dove 珠颈斑鸠 ![](pixelart/spotteddove_s.png),*spilopelia chinensis*,Pigeons and Doves,"Dec '25, Suzhou Jiangsu",dubbed 'the most delicious friend of hawks',CN
![](birdspics/oriental_turtle_dove_2302.jpg),Oriental Turtle-Dove 山斑鸠 ![](pixelart/orientalturtledove_s.png),*streptopelia orientalis*,Pigeons and Doves,"Feb '23, Suzhou Jiangsu",bronze feathers compared to spotted dove,CN
![](birdspics/eurasian_collared_dove_2601.jpg),Eurasian Collared-Dove 灰斑鸠,*streptopelia decaocto*,Pigeons and Doves,"Jan '26, Suzhou Jiangsu",large and pale,CN
![](birdspics/mourning_dove_2503.jpg),Mourning Dove 哀鸽 ![](pixelart/mourningdove_s.png),*zenaida macroura*,Pigeons and Doves,"Mar '26, West Lafayette IN","cute, pink iridescent feathers, owl-like calls",US
![](birdspics/turkey_vulture_2403.jpg),Turkey Vulture 红头美洲鹫 ![](pixelart/turkeyvulture_s.png),*cathartes aura*,"Vultures, Hawks, and Allies","Mar '26, West Lafayette IN",if you go on a road trip they are always there,US
![](birdspics/osprey_2504.jpg),Osprey 鱼鹰 ![](pixelart/osprey_s.png),*pandion haliaetus*,"Vultures, Hawks, and Allies","Apr '25, Cambridge MD",somehow chasing a seagull,US
![](birdspics/coopers_hawk_2511.jpg),Cooper's Hawk 库柏鹰 ![](pixelart/coopershawk_s.png),*accipiter cooperii*,"Vultures, Hawks, and Allies","Mar '26, West Lafayette IN","small cutie, behave like a chicken",US
![](birdspics/bald_eagle_2504.jpg),Bald Eagle 白头海雕 ![](pixelart/baldeagle_s.png),*haliaeetus leucocephalus*,"Vultures, Hawks, and Allies","Mar '26, West Lafayette IN",can be differentiated from turkey vulture while flying by their white tails,US
![](birdspics/red_shouldered_hawk_2603.jpg),Red-shouldered Hawk 红肩𫛭,*buteo lineatus*,"Vultures, Hawks, and Allies","Mar '26, West Lafayette IN","compared to red-tailed hawks, more likely to be seen near water",US
![](birdspics/red_tailed_hawk_2201.jpg),Red-tailed Hawk 红尾𫛭 ![](pixelart/redtailedhawk_s.png),*buteo jamaicensis*,"Vultures, Hawks, and Allies","Aug '25, Indianapolis IN",NA,US
![](birdspics/eurasian_hobby_2507.jpg),Eurasian Hobby 燕隼 ![](pixelart/eurasianhobby_s.png),*falco subbuteo*,Flacons,"July '25, Beijing",NA,CN
![](birdspics/peregrine_falcon_2606.jpg),Peregrine Falcon 游隼,*falco peregrinus*,Flacons,"June '26, Lafayette IN",saw a baby calling for food on top of a building near Lafayette city hall,US
![](birdspics/common_nighthawk_2605.jpg),Common Nighthawk 小美洲夜鹰,*chordeiles minor*,Nightjars,"May '26, West Lafayette IN",white patches on wings from below,US
na,Chimney Swift 烟囱雨燕,*chaetura pelagica*,Swifts,"May '26, West Lafayette IN",NA,US
![](birdspics/common_swift_2507.jpg),Common Swift 普通雨燕 ![](pixelart/commonswift_s.png),*apus apus*,Swifts,"July '25, Beijing",THE famous birds at Beijing Central Axis,CN
![](birdspics/tree_swallow_2504.jpg),Tree Swallow 双色树燕 ![](pixelart/treeswallow_s.png),*tachycineta bicolor*,Martins and Swallows,"Mar '26, West Lafayette IN","small, bright blue under sunlight, white belly",US
![](birdspics/barn_swallow_2507.jpg),Barn Swallow 家燕 ![](pixelart/barnswallow_s.png),*hirundo rustica*,Martins and Swallows,"May '26, West Lafayette IN",longer tail,"US, CN"
![](birdspics/northern_rough_winged_swallow_2606.jpg),Northern Rough-winged Swallow 中北美毛翅燕 ![](pixelart/northernroughwingedswallow_s.png),*stelgidopteryx serripennis*,Martins and Swallows,"June '26, Chicago IL","small, fly very fast, chasing insects near water",US
![](birdspics/eurasian_crag_martin_2306.jpg),Eurasian Crag-Martin 岩燕 ![](pixelart/eurasiancragmartin_s.png),*ptyonoprogne rupestris*,Martins and Swallows,"June '23, Datong Shanxi",NA,CN
![](birdspics/red_rumped_swallow_2507.jpg),Red-rumped Swallow 金腰燕 ![](pixelart/redrumpedswallow_s.png),*cecropis daurica*,Martins and Swallows,"July '25, Suzhou Jiangsu",NA,CN
![](birdspics/cliff_swallow_2606.jpg),Cliff Swallow 美洲燕,*petrochelidon pyrrhonota*,Martins and Swallows,"June '26, Lafayette IN","seen near Wabash bridge, looks like barn swallow but has a fish-like silver underpart",US
na,Common Cuckoo 大杜鹃 ![](pixelart/commoncuckoo_s.png),*cuculus canorus*,Cuckoos,"July '25, Beijing",singing *Cuckoo* endlessly. Chinese people refer it as 布谷 which literally translate as 'sowing seeds',CN
![](birdspics/common_kingfisher_2507.jpg),Common Kingfisher 普通翠鸟 ![](pixelart/commonkingfisher_s.png),*alcedo atthis*,Kingfishers,"Dec '25, Suzhou Jiangsu",very shy,CN
![](birdspics/belted_kingfisher_2605.jpg),Belted Kingfisher 白腹鱼狗 ![](pixelart/beltedkingfisher_s.png),*megaceryle alcyon*,Kingfishers,"May '26, Porter IN",suprisingly large,US
![](birdspics/eurasian_hoopoe_2512.jpg),Eurasian Hoopoe 戴胜 ![](pixelart/eurasianhoopoe_s.png),*upupa epops*,Hoopoes,"Apr '23, Suzhou Jiangsu",NA,CN
![](birdspics/yellow_bellied_sapsucker_2503.jpg),Yellow-bellied Sapsucker 黄腹吸汁啄木鸟 ![](pixelart/yellowbelliedsapsucker_s.png),*sphyrapicus varius*,Woodpeckers,"Mar '25, Baltimore MD",dead due to bird strike,US
![](birdspics/red_bellied_woodpecker_2510.jpg),Red-bellied Woodpecker 红腹啄木鸟 ![](pixelart/redbelliedwoodpecker_s.png),*melanerpes carolinus*,Woodpeckers,"Mar '26, West Lafayette IN",NA,US
![](birdspics/grey_headed_woodpecker_2507.jpg),Grey-headed Woodpecker 灰头绿啄木鸟 ![](pixelart/greyheadedwoodpecker_s.png),*picus canus*,Woodpeckers,"July '25, Beijing",NA,CN
![](birdspics/downy_woodpecker_2501.jpg),Downy Woodpecker 绒啄木鸟 ![](pixelart/downywoodpecker_s.png),*dryobates pubescens*,Woodpeckers,"May '26, West Lafayette IN",very small,US
![](birdspics/hairy_woodpecker_2510.jpg),Hairy Woodpecker 毛啄木鸟 ![](pixelart/hairywoodpecker_s.png),*leuconotopicus villosus*,Woodpeckers,"May '26, West Lafayette IN",NA,US
![](birdspics/northern_flicker_2605.jpg),Northern Flicker 北扑翅䴕 ![](pixelart/northernflicker_s.png),*colaptes auratus*,Woodpeckers,"May '26, West Lafayette IN",dark grey patch on chest,US
![](birdspics/pileated_woodpecker_2511.jpg),Pileated Woodpecker 北美黑啄木鸟 ![](pixelart/pileatedwoodpecker_s.png),*dryocopus pileatus*,Woodpeckers,"Nov '25, West Lafayette IN",strikingly big,US
![](birdspics/blue_jay_2603.jpg),Blue Jay 冠蓝鸦  ![](pixelart/bluejay_s.png),*cyanocitta cristata*,"Jays, Magpies, Crows, Ravens","Mar '26, West Lafayette IN",only heard them singing. never seen with eyes,US
![](birdspics/red_billed_blue_magpie_2303.jpg),Red-billed Blue-Magpie 红嘴蓝鹊 ![](pixelart/redbilledbluemagpie_s.png),*urocissa erythroryncha*,"Jays, Magpies, Crows, Ravens","Mar '23, Lijiang Yunnan",NA,CN
![](birdspics/azure_winged_magpie_2507.jpg),Azure-winged Magpie 灰喜鹊 ![](pixelart/azurewingedmagpie_s.png),*cyanopica cyanus*,"Jays, Magpies, Crows, Ravens","July '25, Suzhou Jiangsu","Very common in northern China, esp. Shandong, Beijing",CN
![](birdspics/common_magpie_2507.jpg),Oriental Magpie 喜鹊 ![](pixelart/orientalmagpie_s.png),*pica serica*,"Jays, Magpies, Crows, Ravens","Dec '25, Suzhou Jiangsu",same as above,CN
![](birdspics/american_crow_2407.jpg),American Crow 短嘴鸦 ![](pixelart/americancrow_s.png),*corvus brachyrhynchos*,"Jays, Magpies, Crows, Ravens","Jan '25, Baltimore MD",NA,US
![](birdspics/fish_crow_2502.jpeg),Fish Crow 鱼鸦 ![](pixelart/fishcrow_s.png),*corvus ossifragus*,"Jays, Magpies, Crows, Ravens","Apr '25, Baltimore MD","song is a reluctant 'uh-uh'. sits on trees of Baltimore in flocks in evenings, esp. from Nov to Feb",US
![](birdspics/large_billed_crow_2303.jpg),Large-billed Crow 大嘴乌鸦 ![](pixelart/largebilledcrow_s.png),*corvus macrohynchos*,"Jays, Magpies, Crows, Ravens","Mar '23, Lijiang Yunnan",NA,CN
![](birdspics/carrion_crow_2507.jpg),Carrion Crow 小嘴乌鸦 ![](pixelart/carrioncrow_s.png),*corvus corone*,"Jays, Magpies, Crows, Ravens","July '25, Beijing",most common crow in Beijing city,CN
![](birdspics/common_raven_2506.jpg),Common Raven 渡鸦 ![](pixelart/commonraven_s.png),*corvus corax*,"Jays, Magpies, Crows, Ravens","June '25, Malibu CA","'quoth the raven, nevermore' - quoth someone who died in Baltimore.",US
![](birdspics/eastern_wood_pewee_2605.jpg),Eastern Wood-Pewee 东部木鹟,*contopus virens*,"Tyrant Flycatchers: Pewees, Kingbirds, and Allies","May '26, West Lafayette IN",its call is 'pewee'. I think birds are like pokemons,US
![](birdspics/black_phoebe_2506.jpg),Black Phoebe 黑长尾霸鹟 ![](pixelart/blackphoebe_s.png),*sayornis nigricans*,"Tyrant Flycatchers: Pewees, Kingbirds, and Allies","June '25, Malibu CA",NA,US
![](birdspics/eastern_phoebe_2511.jpg),Eastern Phoebe 东菲比霸鹟 ![](pixelart/easternphoebe_s.png),*sayornis phoebe*,"Tyrant Flycatchers: Pewees, Kingbirds, and Allies","May '26, West Lafayette IN",slightly yellow on sides,US
![](birdspics/great_crested_flycatcher_2605.jpg),Great Crested Flycatcher 大冠蝇霸鹟,*myiachus crinitus*,"Tyrant Flycatchers: Pewees, Kingbirds, and Allies","May '26, Porter IN",NA,US
![](birdspics/oriental_magpie_robin_2507.jpg),Oriental Magpie-Robin 鹊鸲 ![](pixelart/orientalmagpierobin_s.png),*copsychus saularis*,Old World Flycathers,"Dec '25, Suzhou Jiangsu","very common in Eastern China, sings beautifully",CN
![](birdspics/verditer_flycatcher_2601.jpg),Verditer Flycatcher 铜蓝鹟,*eumyias thalassinus*,Old World Flycathers,"Jan '26, Suzhou Jiangsu","not common in Suzhou, but I saw it",CN
![](birdspics/daurian_redstart_2512.jpg),Daurian Redstart 北红尾鸲,*phoenicurus auroreus*,Old World Flycathers,"Dec '25, Suzhou Jiangsu",cute orange bird,CN
![](birdspics/long_tailed_shrike_2302.jpg),Long-tailed Shrike 棕背伯劳 ![](pixelart/longtailedshrike_s.png),*lanius schach*,Shrikes,"Dec '25, Suzhou Jiangsu",'butcher bird' - in me the tiger sniffs the plum blossoms,CN
![](birdspics/gray_catbird_2406.jpg),Gray Catbird 灰猫嘲鸫 ![](pixelart/graycatbird_s.png),*dumetella carolinensis*,"Catbirds, Mockingbirds, and Thrashers","May '26, West Lafayette IN","little gray bird, usually seen in summer evening",US
![](birdspics/brown_thrasher_2505.jpeg),Brown Thrasher 褐矢嘲鸫 ![](pixelart/brownthrasher_s.png),*toxostoma rufum*,"Catbirds, Mockingbirds, and Thrashers","Mar '26, West Lafayette IN",NA,US
![](birdspics/northern_mockingbird_2501.jpg),Northern Mockingbird 北嘲鸫 ![](pixelart/northernmockingbird_s.png),*mimus polyglottos*,"Catbirds, Mockingbirds, and Thrashers","Apr '25, Cambridge MD",NA,US
![](birdspics/eastern_bluebird_2203.jpg),Eastern Bluebird 东蓝鸲 ![](pixelart/easternbluebird_s.png),*sialia sialis*,Thrushes,"May '26, West Lafayette IN",NA,US
![](birdspics/western_bluebird_2506.jpg),Western Bluebird 西蓝鸲 ![](pixelart/westernbluebird_s.png),*sialia mexicana*,Thrushes,"June '25, Los Angeles CA",NA,US
![](birdspics/hermit_thrush_2501.jpg),Hermit Thrush 隐夜鸫 ![](pixelart/hermitthrush_s.png),*catharus guttatus*,Thrushes,"Jan '25, Cambridge MD",NA,US
![](birdspics/wood_thrush_2605.jpeg),Wood Thrush 棕林鸫,*hylocichla mustelina*,Thrushes,"May '26, Chicago IL",bird strike in Chi town,US
![](birdspics/american_robin_2503.jpg),American Robin 旅鸫 ![](pixelart/americanrobin_s.png),*turdus migratorius*,Thrushes,"Mar '26, West Lafayette IN","appear in large flocks, arrive in early spring, have a beautiful song",US
![](birdspics/chinese_blackbird_2506.jpg),Chinese Blackbird 乌鸫 ![](pixelart/chineseblackbird_s.png),*turdus mandarinus*,Thrushes,"Dec '25, Suzhou Jiangsu","black version robin, so cute!! Eats earthworm after rain",CN
![](birdspics/dusky_thrush_2601.jpg),Dusky Thrush 斑鸫 ![](pixelart/duskythrush_s.png),*turdus eunomus*,Thrushes,"Dec '25, Suzhou Jiangsu",NA,US
![](birdspics/pale_thrush_2601.jpg),Pale Thrush 白腹鸫,*turdus pallidus*,Thrushes,"Jan '26, Suzhou Jiangsu",NA,CN
![](birdspics/cedar_waxwing_2605.jpg),Cedar Waxwing 雪松太平鸟,*bombycilla cedrorum*,Waxwings,"May '26, West Lafayette IN","beautiful bird, song sounds like a mosquito",US
![](birdspics/light_vented_bulbul_2507.jpg),Light-vented Bulbul 白头鹎 ![](pixelart/lightventedbulbul_s.png),*pycnonotus sinensis*,Bulbuls,"Dec '25, Suzhou Jiangsu",very distinguishable singing pattern,CN
![](birdspics/white_browed_laughingthrush_2007.jpg),White-browed Laughingthrush 白颊噪鹛 ![](pixelart/whitethroatedlaughingthrush_s),*pterohinus sannio*,Laughingthrushes and allies,"July '20, Chengdu Sichuan",NA,CN
![](birdspics/vinous_throated_parrotbill_2507.jpg),Vinous-Throated Parrotbill 棕头鸦雀 ![](pixelart/vinousthroatedparrotbill_s.png),*suthora webbiana*,Parrotbills,"July '25, Beijing",small & cute,CN
![](birdspics/silver_throated_tit_2601.jpg),Silver-throated Tit 银喉长尾山雀,*aegithalos glaucogularis*,Long-tailed Tits and Bushtits,"Jan '26, Suzhou Jiangsu","very, very small",CN
![](birdspics/carolina_chickadee_2203.jpg),Carolina Chickadee 卡罗莱纳山雀 ![](pixelart/carolinachickadee_s.png),*poecile carolinensis*,"Tits, Chickadees, and Titmice","May '26, West Lafayette IN",NA,US
![](birdspics/tufted_titmouse_2504.jpg),Tufted Titmouse 美洲凤头山雀 ![](pixelart/tuftedtitmouse_s.png),*baeolophus bicolor*,"Tits, Chickadees, and Titmice","Oct '25, West Lafayette IN",small round fluffy ball,US
![](birdspics/white_breasted_nuthatch_2203.jpg),White-breasted Nuthatch 白胸䴓 ![](pixelart/whitebreastednuthatch_s.png),*sitta carolinensis*,Nuthatches,"May '26, West Lafayette IN",NA,US
![](birdspics/brown_creeper_2603.jpg),Brown Creeper 美洲旋木雀,*certhia americana*,Treecreepers,"Mar '26, West Lafayette IN","of the size of a nuthatch but goes upwards, has a bent bill",US
![](birdspics/northern_house_wren_2605.jpg),Northern House Wren 家鹪鹩,*troglodytes aedon*,Wrens,"May '26, West Lafayette IN",NA,US
![](birdspics/carolina_wren_2501.jpg),Carolina Wren 卡罗苇鹪鹩 ![](pixelart/carolinawren_s.png),*thryothorus ludovicianus*,Wrens,"May '26, West Lafayette IN",NA,US
![](birdspics/oriental_reed_warbler_2507.jpg),Oriental Reed Warbler 东方大苇莺 ![](pixelart/orientalreedwarbler_s.png),*acrocephalus orientalis*,Warblers,"July '25, Beijing",have a noisy song,CN
![](birdspics/blue_gray_gnatcatcher_2605.jpg),Blue-gray Gnatcatcher 灰蓝蚋莺,*polioptila caerulea*,Gnatcatchers,"May '26, West Lafayette IN",have a distinguishable song,US
![](birdspics/ruby_crowned_kinglet_2203.jpg),Ruby-crowned Kinglet 红冠戴菊 ![](pixelart/rubycrownedkinglet_s.png),*corthylio calendula*,Kinglets,"Mar '22, Durham NC",NA,US
![](birdspics/eastern_warbling_vireo_2605.jpg),Eastern Warbling Vireo 歌莺雀,*vireo gilvus*,Vireos,"May '26, West Lafayette IN",can be very loud,
![](birdspics/red_eyed_vireo_2605.jpg),Red-eyed Vireo 红眼莺雀,*vireo olivaceus*,Vireos,"May '26, Porter IN",NA,US
na,White-eyed Vireo 白眼莺雀,*vireo griseus*,Vireos,"June '26, West Lafayette IN",only heard it singing,US
![](birdspics/ovenbird_2510.jpeg),Ovenbird 灯顶灶莺 ![](pixelart/ovenbird_s.png),*seiurus aurocapilla*,Wood-Warblers,"Oct '25, West Lafayette IN",dead due to bird strike,US
![](birdspics/tennessee_warbler_2510.jpg),Tennessee Warbler 灰冠虫森莺 ![](pixelart/tennesseewarbler_s.png),*leiothlypis peregrina*,Wood-Warblers,"Oct '25, West Lafayette IN",actually really hard to ID so not sure,US
![](birdspics/common_yellowthroat_2605.jpg),Common Yellowthroat 黄喉地莺 ![](pixelart/commonyellowthroat_s.png),*geothlypis trichas*,Wood-Warblers,"May '26, Porter IN",NA,US
![](birdspics/american_redstart_2605.jpg),American Redstart 橙尾鸲莺 ![](pixelart/americanredstart_s.png),*setophaga ruticilla*,Wood-Warblers,"May '26, West Lafayette IN",NA,US
![](birdspics/northern_parula_2605.jpg),Northern Parula 北森莺 ![](pixelart/northernparula_s.png),*setophaga americana*,Wood-Warblers,"May '26, West Lafayette IN",NA,US
![](birdspics/northern_yellow_warbler_2605.jpg),Northern Yellow Warbler 北美黄林莺 ![](pixelart/northernyellowwarbler_s.png),*setophaga aestiva*,Wood-Warblers,"June '26, Chicago IL",NA,US
![](birdspics/yellow_rumped_warbler_2511.jpg),Yellow-rumped Warbler 黄腰白喉林莺 ![](pixelart/yellowrumpedwarbler_s.png),*setophaga auduboni*,Wood-Warblers,"Nov '25, West Lafayette IN",NA,US
na,Yellow-throated Warbler 黄喉林莺 ![](pixelart/yellowthroatedwarbler_s.png),*setophaga dominica*,Wood-Warblers,"June '26, West Lafayette IN","only heard it singing, a descending song",US
na,Grey Wagtail 灰鹡鸰,*motacilla cinerea*,Wagtails and Pipits,"Dec '25, Suzhou Jiangsu","although called 'grey wagtail', its most distinguishable feature is its yellow belly",CN
![](birdspics/white_wagtail_2512.jpg),White Wagtail 白鹡鸰 ![](pixelart/whitewagtail_s.png),*motacilla alba*,Wagtails and Pipits,"Dec '25, Suzhou Jiangsu","tail wags endlessly, and flies in 'sine function'",CN
![](birdspics/olive_backed_pipit_2512.jpg),Olive-backed Pipit 树鹨 ![](pixelart/olivebackedpipit_s.png),*anthus hodgsoni*,Wagtails and Pipits,"Dec '25, Suzhou Jiangsu",pipits are winter birds in Suzhou,CN
![](birdspics/richards_pipit_2512.jpg),Richard's Pipit 理氏鹨 ![](pixelart/richardspipit_s.png),*anthus richardi*,Wagtails and Pipits,"Dec '25, Suzhou Jiangsu",NA,CN
![](birdspics/chipping_sparrow_2605.jpg),Chipping Sparrow 褐斑翅雀鹀 ![](pixelart/chippingsparrow_s.png),*spizella passerina*,New World Sparrows,"May '26, West Lafayette IN",NA,US
![](birdspics/field_sparrow_2510.jpg),Field Sparrow 田雀鹀,*spizella pusilla*,New World Sparrows,"Mar '26, West Lafayette IN",NA,US
![](birdspics/american_tree_sparrow_2603.jpg),American Tree Sparrow 树雀鹀 ![](pixelart/americantreesparrow_s.png),*spizelloides arborea*,New World Sparrows,"Mar '26, West Lafayette IN",NA,US
![](birdspics/white_throated_sparrow_2410.jpg),White-throated Sparrow 白喉带鹀 ![](pixelart/whitethroatedsparrow_s.png),*zonotrichia albicollis*,New World Sparrows,"Oct '24, Baltimore MD","found dead around MICA, bird strike",US
![](birdspics/savannah_sparrow_2606.jpg),Savannah Sparrow 稀树草鹀,*passerculus sandwichensis*,New World Sparrows,"June '26, Chicago IL","likes open fields, has a yellow eyebrow",US
![](birdspics/song_sparrow_2603.jpg),Song Sparrow 歌带鹀 ![](pixelart/songsparrow_s.png),*melospiza melodia*,New World Sparrows,"June '26, Chicago IL",has a distinguishable and loud song,US
![](birdspics/eastern_towhee_2605.jpg),Eastern Towhee 棕胁唧鹀,*pipilo erythrophthalmus*,New World Sparrows,"May '26, Porter IN",very big one,US
![](birdspics/dark_eyed_junco_2506.jpg),Dark-eyed Junco (Oregon) 暗眼灯草鹀 ![](pixelart/darkeyedjunco_s.png),*junco hyemalis*,New World Sparrows,"June '25, Malibu CA",west coast and east coast juncos look different,US
![](birdspics/dark_eyed_junco_slate_2603.jpg),Dark-eyed Junco (Slate-colored) 暗眼灯草鹀 ![](pixelart/darkeyedjuncoslate_s.png),*junco hyemalis*,New World Sparrows,"Mar '26, West Lafayette IN",winter birds at indiana,US
![](birdspics/black_faced_bunting_2601.jpg),Black-faced Bunting 灰头鹀 ![](pixelart/blackfacedbunting_s.png),*emberiza apodocephala*,Old World Buntings,"Jan '26, Suzhou Jiangsu",NA,CN
![](birdspics/house_sparrow_2510.jpg),House Sparrow 家麻雀 ![](pixelart/housesparrow_s.png),*passer domesticus*,Old World Sparrows,"Oct '25, West Lafayette IN",white neckline,US
![](birdspics/eurasian_tree_sparrow_1911.jpg),Eurasian Tree Sparrow 麻雀 ![](pixelart/eurasiantreesparrow_s.png),*passer montanus*,Old World Sparrows,"July '25, Beijing",black cheek,CN
![](birdspics/yellow_billed_grosbeak_2601.jpg),Yellow-billed Grosbeak 黑尾蜡嘴雀,*eophona migratoria*,"Finches, Euphonias, and allies","Jan '26, Suzhou Jiangsu",NA,CN
![](birdspics/red_fronted_rosefinch_2303.jpg),Red-fronted Rosefinch 红胸朱雀,*carpodacus puniceus*,"Finches, Euphonias, and allies","Mar '23, Lijiang Yunnan","seen at Yulong 4506 (mountain top with no covering), amazing creature",CN
![](birdspics/house_finch_2203.jpg),House Finch 家朱雀 ![](pixelart/housefinch_s.png),*haemorhous mexicanus*,"Finches, Euphonias, and allies","Mar '26, West Lafayette IN",very small bird,US
![](birdspics/grey_capped_greenfinch_2507.jpg),Grey-capped Greenfinch 金翅雀 ![](pixelart/greycappedgoldfinch_s.png),*chloris sinica*,"Finches, Euphonias, and allies","July '25, Yantai Shandong",NA,CN
![](birdspics/american_goldfinch_2605.jpg),American Goldfinch 北美金翅雀 ![](pixelart/americangoldfinch_s.png),*spinus tristis*,"Finches, Euphonias, and allies","June '26, Chicago IL",beautiful yellow fairies,US
![](birdspics/lesser_goldfinch_2506.jpg),Lesser Goldfinch 暗背金翅雀 ![](pixelart/lessergoldfinch_s.png),*carduelis psaltria*,"Finches, Euphonias, and allies","June '25, Los Angeles CA",NA,US
![](birdspics/summer_tanager_2605.jpg),Summer Tanager 玫红丽唐纳雀,*piranga rubra*,"Cardinals, Grosbeaks, and allies","May '26, Porter IN",stunning red bird,US
![](birdspics/northern_cardinal_2203.jpg),Northern Cardinal 主红雀 ![](pixelart/redcardinal_s.png),*cardinalis cardinalis*,"Cardinals, Grosbeaks, and allies","May '26, West Lafayette IN","cutest and most iconic bird in the USA, state bird of Indiana",US
![](birdspics/indigo_bunting_2605.jpg),Indigo Bunting 靛蓝彩鹀,*passerina cyanea*,"Cardinals, Grosbeaks, and allies","June '26, West Lafayette IN",strikingly indigo,US
![](birdspics/dickcissel_2606.jpg),Dickcissel 美洲雀,*spiza americana*,"Cardinals, Grosbeaks, and allies","June '26, Chicago IL","likes open fields, has a yellow-and-black chest",US
na,Eastern Meadowlark 东草地鹨 ![](pixelart/easternmeadowlark_s.png),*sturnella magna*,Blackbirds,"Mar '26, West Lafayette IN",only heard them singing. never seen with eyes,US
![](birdspics/baltimore_oriole_2605.jpg),Baltimore Oriole 橙腹拟鹂,*icterus galbula*,Blackbirds,"May '26, West Lafayette IN","much smaller than robins, beautiful bird, symbol of Baltimore",US
![](birdspics/red_winged_blackbird_2606.jpg),Red-winged Blackbird 红翅黑鹂 ![](pixelart/redwingedblackbird_s.png),*agelaius phoeniceus*,Blackbirds,"May '26, West Lafayette IN",have a very loud and distinguishable song,US
![](birdspics/brown_headed_cowbird_2603.jpg),Brown-headed Cowbird 褐头牛鹂 ![](pixelart/brownheadedcowbird_s.png),*molothrus ater*,Blackbirds,"May '26, West Lafayette IN",appear smaller than other blackbirds,US
![](birdspics/common_grackle_2505.jpg),Common Grackle 普通拟八哥 ![](pixelart/commongrackle_s.png),*quiscalus quiscula*,Blackbirds,"Mar '26, West Lafayette IN",NA,US
![](birdspics/boat_tailed_grackle_2605.jpg),Boat-tailed Grackle 船尾拟八哥,*quiscalus major*,Blackbirds,"May '26, Newark NJ",female,US
![](birdspics/great_tailed_grackle_2506.jpg),Great-tailed Grackle 大尾拟八哥 ![](pixelart/greattailedgrackle_s.png),*quiscalus mexicanus*,Blackbirds,"June '25, Malibu CA",NA,US
![](birdspics/european_starling_2501.jpg),European Starling 紫翅椋鸟 ![](pixelart/europeanstarling_s.png),*sturnus vulgaris*,Starlings and Mynas,"May '26, West Lafayette IN",NA,US
![](birdspics/red_billed_starling_2512.jpg),Red-billed Starling 丝光椋鸟 ![](pixelart/redbilledstarling_s.png),*spodiopsar cineraceus*,Starlings and Mynas,"Dec '25, Suzhou Jiangsu","cutie pie, red beaks",CN
![](birdspics/white_cheeked_starling_2512.jpg),White-cheeked Starling 灰椋鸟 ![](pixelart/whitecheekedstarling_s.png),*spodiopsar cineraceus*,Starlings and Mynas,"Dec '25, Suzhou Jiangsu","large gatherings on trees, usually hundreds",CN
![](birdspics/crested_myna_2512.jpg),Crested Myna 八哥 ![](pixelart/crestedmyna_s.png),*acridotheres cristatellus*,Starlings and Mynas,"June '25, Suzhou Jiangsu",when flying white patch on wings,CN