date,type,name,author,publish,rating,comment,count
8/19/23,book,那不勒斯四部曲,E. Ferrante,2018,10,新颖的视角，细腻的文笔,1000000
8/26/23,book,存在主义咖啡馆,S. Bakewell,2016,7,不错的入门书,400000
9/14/23,book,德米安：彷徨少年时,H. Hesse,1919,7,虽然有很多名言警句，但依然不是很能理解这种精神状态,84000
10/6/23,book,存在主义是一种人道主义,J.P. Sartre,1946,10,醍醐灌顶,14000
1/10/24,book,论中国,H. Kissinger,2011,8,中美关系/20世纪新中国史入门,339000
1/19/24,book,1968 撞击世界的年代,M. Kurlansky,2009,8,非常详尽的1968年世界学运史,354000
2/17/24,book,Warhol,K. Honnef,2000,8,不错的书。着重于对Warhol艺术概念的介绍，挺有启发性的，图很好看，内容更多点就好了。虽然本来买了是想看VU的八卦——八卦是一点都没有,NA
2/17/24,book,UNCUT ultimate genre guide shoegaze,UNCUT,2021,8,粉丝狂喜的一本杂志。对想了解这个流派的人也很有帮助,NA
3/13/24,book,Creation Stories,A. McGee,2013,4,如果你不是和我一样是一位正在绝望地从全世界找资料给盯鞋乐队拉磨的同人女的话，这本书真的没什么看的必要。讲McGee嗑昏过去的部份比讲怎么运营乐队的部份多,80000
5/9/24,book,霍乱时期的爱情,G. Marquez,1985,9,重读依旧很喜欢,284000
5/26/24,book,仿生人会梦见电子羊吗,P. Dick,1968,9,相当不错的小说,139000
12/13/24,book,我们最幸福,B. Demick,2009,9,除了朝鲜的部分，这些脱北者开启新生活的决心也让人印象深刻。女性真是坚强啊,200000
12/26/24,book,倚天屠龙记,金庸,1961,7,感觉也没什么特别打动人的地方，那种文笔挺好的龙傲天小说即视感，四个妹妹已成梗,1170000
2/5/25,book,小径分岔的花园,J.L. Borges,1941,8,意境很美的小说,6500
3/5/25,book,蜘蛛女之吻,M. Puig,1976,10,结构精巧，内容动人的小说，两位主角都是那么的惹人喜爱…,166000
8/15/25,book,九故事,J.D. Salinger,1953,10,充满禅意的杰作，让人后悔自己没在青春期读到它们,102000
8/17/25,book,在路上,J. Kerouac,1957,10,非常美丽而浪漫的公路小说，为了它我可以再次爱上美国,241000
9/5/25,book,抬高房梁，木匠们/西摩小传,J.D. Salinger,1963,6,抬高房梁还不错，西摩小传无法欣赏,46000
2/13/26,book,德古拉,B. Stoker,1897,7,前期不错，后期节奏拖沓，有些无聊了,300000
2/26/26,book,黄金时代,王小波,1991,10,“春藤绕树，小鸟依人”。解放吧，爱压抑的人们,30000
5/31/26,book,What It's Like to Be a Bird,D. A. Sibley,2020,8,不错的科普书，介绍了北美常见鸟类的豆知识,37500
12/23/23,movie,燃冬,陈哲艺,2023,4,拍摄手法出了大问题,97
1/19/24,movie,咒,柯孟融,2022,7,以邪教为主题的恐怖片，拍得不错,111
1/19/24,movie,1991: The Year Punk Broke,D. Markey,1992,6,音乐录影带。现场很棒，叙事几乎没有。说好听点就是很忠实的客观记录吧,95
2/17/24,movie,Withnail & I,B. Robinson,1987,8,疯子天才Withnail和没那么天才却也没那么疯的Marwood，需要有一定英国文化和时代背景知识储备才能有感触的电影…心情和电影里的阴雨一般闷闷的,107
3/15/24,movie,DIG!,O. Timoner,2004,8,在乐队纪录片中算质量很高了，我觉得可以与Supersonic媲美。讲的是90S Mozart vs. Salieri (Brian Jonestown Massacre vs. The Dandy Warhols) 的故事，虽然这样的叙事是以消耗客观性为代价的，但作为电影很棒,89
4/1/24,movie,[All Watched Over by Machines of Loving Grace](../240401_review_allwatched/index.qmd),A. Curtis,2011,8,相当不错的纪录片，观后感得单独摘出来写,180
5/26/24,movie,This Is Spinal Tap,R. Reiner,1984,7,狠狠地拿摇滚文化开涮了，感想是很爽,82
5/26/24,movie,Beautiful Noise,E. Green,2014,7,著名的盯鞋纪录片，信息量蛮足的，和这个genre一样是性冷淡风（笑,90
5/29/24,movie,Upside Down: The Creation Records Story,D. O'Connor,2010,8,比McGee自己写的那书好看多了,101
10/20/24,movie,Blade Runner 2049,D. Villeneuve,2017,7,剧情有点落入俗套，每个人一张嘴你就知道他们想要说什么,163
10/20/24,movie,The Shape Of Water,G. del Toro,2017,8,Underrepresented Baltimore people beat the shit out of a Texas racist。虽然剧情很老套但人外太萌音乐太好听画面太美我原谅了一切，喜欢chill到爆的巴尔的摩vibe,123
12/22/24,movie,蓦然回首,藤本树/押山清高,2024,8,蛮好的虽然感觉节奏把控上和原作有挺大区别……这个分主要还是给原作,58
12/22/24,movie,狂飙,徐纪周,2023,9,非常好看的警匪剧,1775
12/24/24,movie,Blade Runner,R. Scott,1982,10,重温了一遍还是觉得非常完美,110
12/26/24,movie,Lost in Translation ,S. Coppola,2003,10,很好看的片子…总之就是很好看的片子，讲述成年人生活的困惑,102
12/26/24,movie,My Own Private Idaho,Gus Van Sant,1991,10,非常喜欢的氛围和节奏，让人看了觉得悲伤且无力，但又不会愤怒，只是淡淡的……,102
6/5/25,movie,Nosferatu,R. Eggers,2024,7,吸血鬼色情片，吸血鬼草了男女主两个人,132
7/19/25,movie,El Sur,V. E. Aras,1983,8,补条目，在百子湾的电影资料馆看的，具体内容有点忘了就是记得画面很美,95
8/14/25,movie,魔法少女小圆,新房昭之,2011,9,叙事非常完满的杰作，无须多言,288
9/21/25,movie,新世纪福音战士,庵野秀明,1995,10,我会永远拥护EVA旧作最崇高的青少年片的地位,712
10/26/25,movie,电锯人剧场版：蕾塞篇,藤本树/吉原达矢,2025,7,打斗画面非常可以，但完全没给context，不看原著估计一头雾水,100
11/25/25,movie,Harry Potter and the Prisoner of Azkaban,A. C. Orozco,2004,7,唯一一部值得看第二遍的哈利波特电影,141
12/18/25,movie,The Aviator,M. Scorsese,2004,7,蛮好的，开飞机的部分很喜欢，结尾略有点意犹未尽,170
12/19/25,movie,The Banshees of Inisherin,M. McDonagh,2022,6,略微有点意味不明，但画面非常美丽,114
12/23/25,movie,Zootopia 2,J. Bush/B. Howard,2025,7,平平无奇的迪士尼电影，情节有点偷懒了，但画面和细节值得,108
12/31/25,movie,Avatar 3: Fire and Ashes,J. Cameron,2025,6,同上,195
1/3/26,movie,死亡笔记,大场鸫/小畑健,2006,10,犯罪/推理杰作，情节、节奏和画风都非常完美，看得爽死,851
1/10/26,movie,绣春刀,路阳,2014,8,动作片瘾犯了于是再看绣春刀。张震一如既往的帅，服化道还是那么棒，剧情和某几个人演技有点硬伤，不过瑕不掩瑜,106
1/17/26,movie,Joan Didion: The Center Will Not Hold,G. Dunne,2017,6,无功无过的纪录片,94
2/6/26,movie,新世纪福音战士：序,庵野秀明,2007,6,确实只能称为是“序”，但片尾曲很好听，宇多田光我爱你,98
2/7/26,movie,新世纪福音战士：破,庵野秀明,2009,7,节奏太快了，有点像热血漫画…但真嗣的心态变化导致剧情大变这个“点”挺好玩儿的,112
2/8/26,movie,新世纪福音战士：Q,庵野秀明,2012,5,后期拉得一塌糊涂，不知道怎么救,96
3/7/26,movie,新世纪福音战士：终,庵野秀明,2021,6,勉强圆回来了，抑郁少年的心情历经这么多年也平稳落地了——就是俗了。司令作为反派塑造堪称灾难，B格全无,155
3/8/26,movie,好东西,邵艺辉,2024,7,提振人心的小妞电影，用mv偷懒的地方有点多，也完全不切实际，但作为喜剧片还是足够好笑的。感想是：你上海了我，还一笑而过,123
3/21/26,movie,Manchester by the Sea,K. Lonergan,2016,8,沉重的电影，不错的，不知所言,137
5/31/26,movie,"""Wuthering Heights""",E. Fennell,2026,4,看完力竭了。演员神情和服化道都非常现代，很出戏。大哥哥大姐姐，求求你们不要再草了…,136
6/7/26,movie,[The Virgin Suicides](../260609_review_romance/index.qmd#1),S. Coppola,1999,8,讲的是美国东海岸郊区的青少年自杀故事，唯美而压抑的电影，镜头和音乐都非常棒,97
6/7/26,movie,[The Dreamers](../260609_review_romance/index.qmd#2),B. Bertolucci,2003,9,1968年法国学运期间的小故事，沉迷电影和革命的迷茫青少年，互为镜像又拒绝长大的双胞胎，概念很特别,115
6/7/26,movie,[分手的决心](../260609_review_romance/index.qmd#3),朴赞郁,2022,7,汤唯梦男大作，还可以，汤唯演的角色像一个古代的神秘鬼魂，意外地很有漫画感的人设,138
6/8/26,movie,[落叶归根](../260609_review_romance/index.qmd#4),张扬,2007,9,非常棒的公路电影。养蜂人那段故事真好，西南大地的风景真美，让人有了更多活下去的力量,110
6/9/26,movie,"[Montréal, ma belle](../260609_review_romance/index.qmd#5)",和晓丹,2025,9,太好看的爱情片，陈冲把我迷得神魂颠倒，那种70后优雅女人的气质太传神了,117
6/9/26,movie,[面子](../260609_review_romance/index.qmd#6),伍思薇,2004,10,女同迪士尼。又可爱又搞笑，妈妈和两位女主都好萌，结局就像童话一样美,91
6/12/26,movie,The Wire (Season 1),D. Simon,2002,10,现实主义至上，喜欢这种警匪片。Dee和Lester的刻画很好，Wallace的剧情线令人唏嘘，Omar非常有魅力，Stringer好帅。,720
6/13/26,movie,The Wire (Season 2),D. Simon,2002,9,讲的是港口工人阶级随着全球化衰落的故事，好看，Frank的故事很悲剧,720
6/21/26,movie,"Paris, Texas",W. Wenders,1984,7,为了Lana的歌去看的，画面和表现形式很美，剧情后面落得太实了，有点拉,147
6/24/26,movie,李米的猜想,曹保平,2008,9,很有年代感的爱情片，所有人都很恋爱脑很单纯。周迅的演技太好了，最后一段看录像带的真的是神来之笔,96
6/25/26,movie,蓝色大门,易智言,2002,10,特别特别完美的青春片。男女主都好可爱。“我闭上眼睛看不到我自己 但我可以看见你” 啊呀。真的是高中生的想法……,85
6/27/26,movie,リンダ リンダ リンダ,山下敦弘,2005,9,完美的青春片+1。让韩国留学生来担当元气主唱这一点很有趣。贝斯手酷酷的，冷脸萌好可爱。,114